forecast of units;
0.2926282761768358;
0.31995331698041296;
0.3408970089812312;
0.356949619397378;
0.36925338614311304;
0.3786837947937325;
0.38591187454813014;
0.3914519459142317;
0.3956982176467516;
0.3989528370252535;
0.40144738941524727;
0.4033593769329052;
0.40482484876758934;
0.4059480818841335;
0.40680900094394845;
0.40746886541610094;
0.4079746285498649;
0.40836227837535144;
0.4086593984641199;
0.4088871306629904;
0.4090616794611458;
0.4091954650351165;
0.40929800701759833;
0.4093766018754684;
0.40943684209644055;
0.4094830141275519;
0.40951840338115264;
0.40954552801137295;
0.4095663180956423;
0.40958225297108275;
0.40959446649807046;
